"Domain","Thalamic Volume (n=101)","WM Lesion Count (n=99)","WM Lesion Volume (n=99)","PRL Count (n=27)","PRL Volume (n=27)"
"Mean Accuracy","2.39 (0.019), d=0.49","-1.16 (0.248), d=-0.24","-1.53 (0.129), d=-0.31","-2.03 (0.054), d=-0.85","-1.75 (0.094), d=-0.73"
"Mean RT","2.42 (0.017), d=0.49","-1.93 (0.057), d=-0.40","-1.03 (0.307), d=-0.21","-4.38 (0.000), d=-1.83","-2.94 (0.007), d=-1.23"
"EF Accuracy","3.27 (0.002), d=0.67*","-2.42 (0.018), d=-0.50","-1.56 (0.122), d=-0.32","-1.75 (0.093), d=-0.73","-1.15 (0.261), d=-0.48"
"CC Accuracy","1.57 (0.119), d=0.32","-0.17 (0.867), d=-0.03","-0.56 (0.578), d=-0.11","-2.02 (0.056), d=-0.84","-2.81 (0.010), d=-1.17*"
"Memory Accuracy","0.54 (0.588), d=0.11","-0.11 (0.911), d=-0.02","-1.53 (0.128), d=-0.31","-0.76 (0.453), d=-0.32","0.25 (0.807), d=0.10"
"Emotion Accuracy","1.51 (0.135), d=0.31","-0.37 (0.712), d=-0.08","-1.24 (0.219), d=-0.25","-0.08 (0.937), d=-0.03","-0.47 (0.646), d=-0.19"
"EF RT","2.72 (0.008), d=0.55*","-1.77 (0.081), d=-0.36","-1.09 (0.277), d=-0.22","-4.68 (0.000), d=-1.95*","-3.83 (0.001), d=-1.60*"
"CC RT","1.07 (0.288), d=0.22","-1.36 (0.176), d=-0.28","-0.35 (0.726), d=-0.07","-3.51 (0.002), d=-1.46*","-4.37 (0.000), d=-1.82*"
"Memory RT","2.54 (0.013), d=0.52*","-2.06 (0.042), d=-0.42","-1.45 (0.150), d=-0.30","-3.32 (0.003), d=-1.39*","-1.24 (0.227), d=-0.52"
"Emotion RT","0.81 (0.418), d=0.17","-0.58 (0.561), d=-0.12","-0.44 (0.659), d=-0.09","-1.74 (0.095), d=-0.73","-0.54 (0.592), d=-0.23"
